CandidateID,Hits,MaxLevel,Issue
CAND_0000021,3,2,Keyword stuffing / Mentions only without hands-on evidence
CAND_0000031,4,1,Keyword stuffing / Mentions only without hands-on evidence
CAND_0000074,4,2,Keyword stuffing / Mentions only without hands-on evidence
CAND_0000082,3,1,Keyword stuffing / Mentions only without hands-on evidence
CAND_0000083,3,2,Keyword stuffing / Mentions only without hands-on evidence
CAND_0000097,3,2,Keyword stuffing / Mentions only without hands-on evidence
CAND_0000121,3,2,Keyword stuffing / Mentions only without hands-on evidence
CAND_0000203,3,2,Keyword stuffing / Mentions only without hands-on evidence
CAND_0000212,4,2,Keyword stuffing / Mentions only without hands-on evidence
CAND_0000220,3,2,Keyword stuffing / Mentions only without hands-on evidence
CAND_0000312,3,2,Keyword stuffing / Mentions only without hands-on evidence
CAND_0000345,3,2,Keyword stuffing / Mentions only without hands-on evidence
CAND_0000361,3,2,Keyword stuffing / Mentions only without hands-on evidence
CAND_0000388,3,2,Keyword stuffing / Mentions only without hands-on evidence
CAND_0000389,3,2,Keyword stuffing / Mentions only without hands-on evidence
CAND_0000399,4,2,Keyword stuffing / Mentions only without hands-on evidence
CAND_0000410,3,2,Keyword stuffing / Mentions only without hands-on evidence
CAND_0000498,3,2,Keyword stuffing / Mentions only without hands-on evidence
CAND_0000505,3,2,Keyword stuffing / Mentions only without hands-on evidence
CAND_0000541,3,2,Keyword stuffing / Mentions only without hands-on evidence
CAND_0000552,3,2,Keyword stuffing / Mentions only without hands-on evidence
CAND_0000576,4,2,Keyword stuffing / Mentions only without hands-on evidence
CAND_0000581,3,2,Keyword stuffing / Mentions only without hands-on evidence
CAND_0000649,3,1,Keyword stuffing / Mentions only without hands-on evidence
CAND_0000664,3,2,Keyword stuffing / Mentions only without hands-on evidence
CAND_0000671,3,2,Keyword stuffing / Mentions only without hands-on evidence
CAND_0000722,3,2,Keyword stuffing / Mentions only without hands-on evidence
CAND_0000739,4,2,Keyword stuffing / Mentions only without hands-on evidence
CAND_0000803,3,2,Keyword stuffing / Mentions only without hands-on evidence
CAND_0000821,3,2,Keyword stuffing / Mentions only without hands-on evidence
CAND_0000828,3,2,Keyword stuffing / Mentions only without hands-on evidence
CAND_0000839,4,2,Keyword stuffing / Mentions only without hands-on evidence
CAND_0000847,4,2,Keyword stuffing / Mentions only without hands-on evidence
CAND_0000862,3,2,Keyword stuffing / Mentions only without hands-on evidence
CAND_0000875,3,2,Keyword stuffing / Mentions only without hands-on evidence
CAND_0000883,3,2,Keyword stuffing / Mentions only without hands-on evidence
CAND_0000906,3,2,Keyword stuffing / Mentions only without hands-on evidence
CAND_0000927,3,2,Keyword stuffing / Mentions only without hands-on evidence
CAND_0000932,3,2,Keyword stuffing / Mentions only without hands-on evidence
CAND_0000969,3,2,Keyword stuffing / Mentions only without hands-on evidence
CAND_0001056,3,2,Keyword stuffing / Mentions only without hands-on evidence
CAND_0001088,3,2,Keyword stuffing / Mentions only without hands-on evidence
CAND_0001095,4,2,Keyword stuffing / Mentions only without hands-on evidence
CAND_0001109,4,2,Keyword stuffing / Mentions only without hands-on evidence
CAND_0001133,3,1,Keyword stuffing / Mentions only without hands-on evidence
CAND_0001147,3,2,Keyword stuffing / Mentions only without hands-on evidence
CAND_0001152,3,2,Keyword stuffing / Mentions only without hands-on evidence
CAND_0001238,3,2,Keyword stuffing / Mentions only without hands-on evidence
CAND_0001271,3,2,Keyword stuffing / Mentions only without hands-on evidence
CAND_0001319,3,2,Keyword stuffing / Mentions only without hands-on evidence
CAND_0001347,4,2,Keyword stuffing / Mentions only without hands-on evidence
CAND_0001363,4,2,Keyword stuffing / Mentions only without hands-on evidence
CAND_0001405,3,2,Keyword stuffing / Mentions only without hands-on evidence
CAND_0001419,3,2,Keyword stuffing / Mentions only without hands-on evidence
CAND_0001433,3,2,Keyword stuffing / Mentions only without hands-on evidence
CAND_0001537,4,2,Keyword stuffing / Mentions only without hands-on evidence
CAND_0001544,4,2,Keyword stuffing / Mentions only without hands-on evidence
CAND_0001644,3,2,Keyword stuffing / Mentions only without hands-on evidence
CAND_0001694,3,2,Keyword stuffing / Mentions only without hands-on evidence
CAND_0001820,3,2,Keyword stuffing / Mentions only without hands-on evidence
CAND_0001837,4,2,Keyword stuffing / Mentions only without hands-on evidence
CAND_0001869,3,2,Keyword stuffing / Mentions only without hands-on evidence
CAND_0001871,3,2,Keyword stuffing / Mentions only without hands-on evidence
CAND_0001874,3,2,Keyword stuffing / Mentions only without hands-on evidence
CAND_0001896,4,2,Keyword stuffing / Mentions only without hands-on evidence
CAND_0001921,3,2,Keyword stuffing / Mentions only without hands-on evidence
CAND_0001980,4,2,Keyword stuffing / Mentions only without hands-on evidence
CAND_0001999,3,2,Keyword stuffing / Mentions only without hands-on evidence
CAND_0002005,3,2,Keyword stuffing / Mentions only without hands-on evidence
CAND_0002031,4,2,Keyword stuffing / Mentions only without hands-on evidence
CAND_0002037,3,1,Keyword stuffing / Mentions only without hands-on evidence
CAND_0002058,3,2,Keyword stuffing / Mentions only without hands-on evidence
CAND_0002077,4,2,Keyword stuffing / Mentions only without hands-on evidence
CAND_0002094,4,2,Keyword stuffing / Mentions only without hands-on evidence
CAND_0002110,3,2,Keyword stuffing / Mentions only without hands-on evidence
CAND_0002113,3,2,Keyword stuffing / Mentions only without hands-on evidence
CAND_0002120,4,1,Keyword stuffing / Mentions only without hands-on evidence
CAND_0002127,3,2,Keyword stuffing / Mentions only without hands-on evidence
CAND_0002140,3,2,Keyword stuffing / Mentions only without hands-on evidence
CAND_0002190,3,2,Keyword stuffing / Mentions only without hands-on evidence
CAND_0002220,3,2,Keyword stuffing / Mentions only without hands-on evidence
CAND_0002336,3,2,Keyword stuffing / Mentions only without hands-on evidence
CAND_0002356,3,2,Keyword stuffing / Mentions only without hands-on evidence
CAND_0002426,3,1,Keyword stuffing / Mentions only without hands-on evidence
CAND_0002436,3,2,Keyword stuffing / Mentions only without hands-on evidence
CAND_0002441,3,2,Keyword stuffing / Mentions only without hands-on evidence
CAND_0002451,3,2,Keyword stuffing / Mentions only without hands-on evidence
CAND_0002463,3,2,Keyword stuffing / Mentions only without hands-on evidence
CAND_0002477,3,2,Keyword stuffing / Mentions only without hands-on evidence
CAND_0002525,4,2,Keyword stuffing / Mentions only without hands-on evidence
CAND_0002534,3,2,Keyword stuffing / Mentions only without hands-on evidence
CAND_0002541,3,2,Keyword stuffing / Mentions only without hands-on evidence
CAND_0002545,3,2,Keyword stuffing / Mentions only without hands-on evidence
CAND_0002557,4,2,Keyword stuffing / Mentions only without hands-on evidence
CAND_0002590,3,2,Keyword stuffing / Mentions only without hands-on evidence
CAND_0002623,4,2,Keyword stuffing / Mentions only without hands-on evidence
CAND_0002631,4,2,Keyword stuffing / Mentions only without hands-on evidence
CAND_0002671,3,2,Keyword stuffing / Mentions only without hands-on evidence
CAND_0002697,3,2,Keyword stuffing / Mentions only without hands-on evidence
CAND_0002712,3,2,Keyword stuffing / Mentions only without hands-on evidence
CAND_0002763,3,2,Keyword stuffing / Mentions only without hands-on evidence
CAND_0002813,4,2,Keyword stuffing / Mentions only without hands-on evidence
CAND_0002825,4,2,Keyword stuffing / Mentions only without hands-on evidence
CAND_0002830,4,2,Keyword stuffing / Mentions only without hands-on evidence
CAND_0002950,3,2,Keyword stuffing / Mentions only without hands-on evidence
CAND_0002957,4,2,Keyword stuffing / Mentions only without hands-on evidence
CAND_0002980,3,2,Keyword stuffing / Mentions only without hands-on evidence
CAND_0002983,3,2,Keyword stuffing / Mentions only without hands-on evidence
CAND_0002994,3,2,Keyword stuffing / Mentions only without hands-on evidence
CAND_0003004,3,2,Keyword stuffing / Mentions only without hands-on evidence
CAND_0003029,3,2,Keyword stuffing / Mentions only without hands-on evidence
CAND_0003117,4,2,Keyword stuffing / Mentions only without hands-on evidence
CAND_0003183,3,2,Keyword stuffing / Mentions only without hands-on evidence
CAND_0003189,3,2,Keyword stuffing / Mentions only without hands-on evidence
CAND_0003234,3,2,Keyword stuffing / Mentions only without hands-on evidence
CAND_0003278,3,2,Keyword stuffing / Mentions only without hands-on evidence
CAND_0003291,3,2,Keyword stuffing / Mentions only without hands-on evidence
CAND_0003310,3,2,Keyword stuffing / Mentions only without hands-on evidence
CAND_0003324,3,2,Keyword stuffing / Mentions only without hands-on evidence
CAND_0003337,3,2,Keyword stuffing / Mentions only without hands-on evidence
CAND_0003395,3,2,Keyword stuffing / Mentions only without hands-on evidence
CAND_0003408,3,2,Keyword stuffing / Mentions only without hands-on evidence
CAND_0003461,3,2,Keyword stuffing / Mentions only without hands-on evidence
CAND_0003501,3,2,Keyword stuffing / Mentions only without hands-on evidence
CAND_0003510,3,2,Keyword stuffing / Mentions only without hands-on evidence
CAND_0003515,4,2,Keyword stuffing / Mentions only without hands-on evidence
CAND_0003536,3,2,Keyword stuffing / Mentions only without hands-on evidence
CAND_0003557,3,2,Keyword stuffing / Mentions only without hands-on evidence
CAND_0003620,3,2,Keyword stuffing / Mentions only without hands-on evidence
CAND_0003625,3,2,Keyword stuffing / Mentions only without hands-on evidence
CAND_0003635,3,2,Keyword stuffing / Mentions only without hands-on evidence
CAND_0003676,4,2,Keyword stuffing / Mentions only without hands-on evidence
CAND_0003732,3,2,Keyword stuffing / Mentions only without hands-on evidence
CAND_0003741,3,2,Keyword stuffing / Mentions only without hands-on evidence
CAND_0003770,3,2,Keyword stuffing / Mentions only without hands-on evidence
CAND_0003805,4,2,Keyword stuffing / Mentions only without hands-on evidence
CAND_0003833,3,1,Keyword stuffing / Mentions only without hands-on evidence
CAND_0003840,3,2,Keyword stuffing / Mentions only without hands-on evidence
CAND_0003881,4,2,Keyword stuffing / Mentions only without hands-on evidence
CAND_0003895,4,2,Keyword stuffing / Mentions only without hands-on evidence
CAND_0003903,3,2,Keyword stuffing / Mentions only without hands-on evidence
CAND_0003908,4,2,Keyword stuffing / Mentions only without hands-on evidence
CAND_0003937,3,2,Keyword stuffing / Mentions only without hands-on evidence
CAND_0004005,4,2,Keyword stuffing / Mentions only without hands-on evidence
CAND_0004008,3,2,Keyword stuffing / Mentions only without hands-on evidence
CAND_0004051,4,2,Keyword stuffing / Mentions only without hands-on evidence
CAND_0004123,4,2,Keyword stuffing / Mentions only without hands-on evidence
CAND_0004183,3,2,Keyword stuffing / Mentions only without hands-on evidence
CAND_0004193,3,2,Keyword stuffing / Mentions only without hands-on evidence
CAND_0004196,3,2,Keyword stuffing / Mentions only without hands-on evidence
CAND_0004207,3,2,Keyword stuffing / Mentions only without hands-on evidence
CAND_0004220,3,2,Keyword stuffing / Mentions only without hands-on evidence
CAND_0004236,4,2,Keyword stuffing / Mentions only without hands-on evidence
CAND_0004320,3,2,Keyword stuffing / Mentions only without hands-on evidence
CAND_0004330,3,2,Keyword stuffing / Mentions only without hands-on evidence
CAND_0004344,3,2,Keyword stuffing / Mentions only without hands-on evidence
CAND_0004363,4,2,Keyword stuffing / Mentions only without hands-on evidence
CAND_0004393,3,2,Keyword stuffing / Mentions only without hands-on evidence
CAND_0004443,3,2,Keyword stuffing / Mentions only without hands-on evidence
CAND_0004449,3,2,Keyword stuffing / Mentions only without hands-on evidence
CAND_0004464,3,2,Keyword stuffing / Mentions only without hands-on evidence
CAND_0004471,3,2,Keyword stuffing / Mentions only without hands-on evidence
CAND_0004491,3,2,Keyword stuffing / Mentions only without hands-on evidence
CAND_0004524,4,2,Keyword stuffing / Mentions only without hands-on evidence
CAND_0004548,4,2,Keyword stuffing / Mentions only without hands-on evidence
CAND_0004567,3,2,Keyword stuffing / Mentions only without hands-on evidence
CAND_0004570,4,2,Keyword stuffing / Mentions only without hands-on evidence
CAND_0004601,4,2,Keyword stuffing / Mentions only without hands-on evidence
CAND_0004620,3,2,Keyword stuffing / Mentions only without hands-on evidence
CAND_0004641,4,2,Keyword stuffing / Mentions only without hands-on evidence
CAND_0004673,4,2,Keyword stuffing / Mentions only without hands-on evidence
CAND_0004728,3,2,Keyword stuffing / Mentions only without hands-on evidence
CAND_0004733,3,2,Keyword stuffing / Mentions only without hands-on evidence
CAND_0004743,3,2,Keyword stuffing / Mentions only without hands-on evidence
CAND_0004761,3,2,Keyword stuffing / Mentions only without hands-on evidence
CAND_0004788,4,2,Keyword stuffing / Mentions only without hands-on evidence
CAND_0004800,4,2,Keyword stuffing / Mentions only without hands-on evidence
CAND_0004820,3,2,Keyword stuffing / Mentions only without hands-on evidence
CAND_0004843,3,2,Keyword stuffing / Mentions only without hands-on evidence
CAND_0004848,3,2,Keyword stuffing / Mentions only without hands-on evidence
CAND_0004920,3,2,Keyword stuffing / Mentions only without hands-on evidence
CAND_0004946,4,2,Keyword stuffing / Mentions only without hands-on evidence
CAND_0004978,3,2,Keyword stuffing / Mentions only without hands-on evidence
CAND_0004980,3,2,Keyword stuffing / Mentions only without hands-on evidence
CAND_0004985,4,2,Keyword stuffing / Mentions only without hands-on evidence
CAND_0005067,3,2,Keyword stuffing / Mentions only without hands-on evidence
CAND_0005085,3,2,Keyword stuffing / Mentions only without hands-on evidence
CAND_0005147,4,2,Keyword stuffing / Mentions only without hands-on evidence
CAND_0005197,4,2,Keyword stuffing / Mentions only without hands-on evidence
CAND_0005205,3,2,Keyword stuffing / Mentions only without hands-on evidence
CAND_0005208,4,2,Keyword stuffing / Mentions only without hands-on evidence
CAND_0005247,4,2,Keyword stuffing / Mentions only without hands-on evidence
CAND_0005248,3,2,Keyword stuffing / Mentions only without hands-on evidence
CAND_0005249,3,2,Keyword stuffing / Mentions only without hands-on evidence
CAND_0005269,3,2,Keyword stuffing / Mentions only without hands-on evidence
CAND_0005287,3,2,Keyword stuffing / Mentions only without hands-on evidence
CAND_0005357,3,2,Keyword stuffing / Mentions only without hands-on evidence
CAND_0005414,3,2,Keyword stuffing / Mentions only without hands-on evidence
CAND_0005426,3,2,Keyword stuffing / Mentions only without hands-on evidence
CAND_0005472,3,2,Keyword stuffing / Mentions only without hands-on evidence
CAND_0005510,3,2,Keyword stuffing / Mentions only without hands-on evidence
CAND_0005518,4,2,Keyword stuffing / Mentions only without hands-on evidence
CAND_0005525,4,2,Keyword stuffing / Mentions only without hands-on evidence
CAND_0005585,3,2,Keyword stuffing / Mentions only without hands-on evidence
CAND_0005610,4,2,Keyword stuffing / Mentions only without hands-on evidence
CAND_0005632,3,2,Keyword stuffing / Mentions only without hands-on evidence
CAND_0005644,3,2,Keyword stuffing / Mentions only without hands-on evidence
CAND_0005671,3,2,Keyword stuffing / Mentions only without hands-on evidence
CAND_0005690,3,2,Keyword stuffing / Mentions only without hands-on evidence
CAND_0005691,3,2,Keyword stuffing / Mentions only without hands-on evidence
CAND_0005704,3,1,Keyword stuffing / Mentions only without hands-on evidence
CAND_0005716,4,2,Keyword stuffing / Mentions only without hands-on evidence
CAND_0005743,4,2,Keyword stuffing / Mentions only without hands-on evidence
CAND_0005755,3,2,Keyword stuffing / Mentions only without hands-on evidence
CAND_0005783,4,2,Keyword stuffing / Mentions only without hands-on evidence
CAND_0005836,4,2,Keyword stuffing / Mentions only without hands-on evidence
CAND_0005851,3,2,Keyword stuffing / Mentions only without hands-on evidence
CAND_0005876,3,2,Keyword stuffing / Mentions only without hands-on evidence
CAND_0005904,4,2,Keyword stuffing / Mentions only without hands-on evidence
CAND_0005914,3,2,Keyword stuffing / Mentions only without hands-on evidence
CAND_0005922,3,2,Keyword stuffing / Mentions only without hands-on evidence
CAND_0005932,3,2,Keyword stuffing / Mentions only without hands-on evidence
CAND_0005976,3,2,Keyword stuffing / Mentions only without hands-on evidence
CAND_0005981,3,2,Keyword stuffing / Mentions only without hands-on evidence
CAND_0006007,4,2,Keyword stuffing / Mentions only without hands-on evidence
CAND_0006090,3,2,Keyword stuffing / Mentions only without hands-on evidence
CAND_0006092,3,2,Keyword stuffing / Mentions only without hands-on evidence
CAND_0006108,3,2,Keyword stuffing / Mentions only without hands-on evidence
CAND_0006127,4,2,Keyword stuffing / Mentions only without hands-on evidence
CAND_0006130,4,2,Keyword stuffing / Mentions only without hands-on evidence
CAND_0006180,3,2,Keyword stuffing / Mentions only without hands-on evidence
CAND_0006213,3,2,Keyword stuffing / Mentions only without hands-on evidence
CAND_0006219,3,2,Keyword stuffing / Mentions only without hands-on evidence
CAND_0006240,4,2,Keyword stuffing / Mentions only without hands-on evidence
CAND_0006259,4,2,Keyword stuffing / Mentions only without hands-on evidence
CAND_0006285,3,2,Keyword stuffing / Mentions only without hands-on evidence
CAND_0006324,3,2,Keyword stuffing / Mentions only without hands-on evidence
CAND_0006334,3,2,Keyword stuffing / Mentions only without hands-on evidence
CAND_0006348,3,2,Keyword stuffing / Mentions only without hands-on evidence
CAND_0006357,4,2,Keyword stuffing / Mentions only without hands-on evidence
CAND_0006388,3,2,Keyword stuffing / Mentions only without hands-on evidence
CAND_0006394,4,2,Keyword stuffing / Mentions only without hands-on evidence
CAND_0006418,5,1,Keyword stuffing / Mentions only without hands-on evidence
CAND_0006433,3,2,Keyword stuffing / Mentions only without hands-on evidence
CAND_0006508,4,2,Keyword stuffing / Mentions only without hands-on evidence
CAND_0006512,3,2,Keyword stuffing / Mentions only without hands-on evidence
CAND_0006581,3,2,Keyword stuffing / Mentions only without hands-on evidence
CAND_0006639,4,2,Keyword stuffing / Mentions only without hands-on evidence
CAND_0006640,3,2,Keyword stuffing / Mentions only without hands-on evidence
CAND_0006675,3,2,Keyword stuffing / Mentions only without hands-on evidence
CAND_0006732,3,2,Keyword stuffing / Mentions only without hands-on evidence
CAND_0006814,4,2,Keyword stuffing / Mentions only without hands-on evidence
CAND_0006821,4,2,Keyword stuffing / Mentions only without hands-on evidence
CAND_0006826,3,2,Keyword stuffing / Mentions only without hands-on evidence
CAND_0006922,4,2,Keyword stuffing / Mentions only without hands-on evidence
CAND_0007038,4,2,Keyword stuffing / Mentions only without hands-on evidence
CAND_0007052,4,1,Keyword stuffing / Mentions only without hands-on evidence
CAND_0007088,4,2,Keyword stuffing / Mentions only without hands-on evidence
CAND_0007164,3,2,Keyword stuffing / Mentions only without hands-on evidence
CAND_0007177,4,2,Keyword stuffing / Mentions only without hands-on evidence
CAND_0007179,3,2,Keyword stuffing / Mentions only without hands-on evidence
CAND_0007241,3,2,Keyword stuffing / Mentions only without hands-on evidence
CAND_0007399,3,2,Keyword stuffing / Mentions only without hands-on evidence
CAND_0007411,6,2,Keyword stuffing / Mentions only without hands-on evidence
CAND_0007460,4,2,Keyword stuffing / Mentions only without hands-on evidence
CAND_0007471,4,2,Keyword stuffing / Mentions only without hands-on evidence
CAND_0007492,4,2,Keyword stuffing / Mentions only without hands-on evidence
CAND_0007499,4,2,Keyword stuffing / Mentions only without hands-on evidence
CAND_0007513,4,2,Keyword stuffing / Mentions only without hands-on evidence
CAND_0007564,4,2,Keyword stuffing / Mentions only without hands-on evidence
CAND_0007577,3,2,Keyword stuffing / Mentions only without hands-on evidence
CAND_0007584,4,2,Keyword stuffing / Mentions only without hands-on evidence
CAND_0007587,4,2,Keyword stuffing / Mentions only without hands-on evidence
CAND_0007590,3,1,Keyword stuffing / Mentions only without hands-on evidence
CAND_0007620,3,2,Keyword stuffing / Mentions only without hands-on evidence
CAND_0007632,4,2,Keyword stuffing / Mentions only without hands-on evidence
CAND_0007672,3,2,Keyword stuffing / Mentions only without hands-on evidence
CAND_0007719,4,2,Keyword stuffing / Mentions only without hands-on evidence
CAND_0007726,3,2,Keyword stuffing / Mentions only without hands-on evidence
CAND_0007733,3,2,Keyword stuffing / Mentions only without hands-on evidence
CAND_0007794,3,2,Keyword stuffing / Mentions only without hands-on evidence
CAND_0007813,3,2,Keyword stuffing / Mentions only without hands-on evidence
CAND_0007827,3,2,Keyword stuffing / Mentions only without hands-on evidence
CAND_0007830,3,2,Keyword stuffing / Mentions only without hands-on evidence
CAND_0007860,3,2,Keyword stuffing / Mentions only without hands-on evidence
CAND_0007867,3,2,Keyword stuffing / Mentions only without hands-on evidence
CAND_0007915,3,2,Keyword stuffing / Mentions only without hands-on evidence
CAND_0007916,3,2,Keyword stuffing / Mentions only without hands-on evidence
CAND_0007937,4,2,Keyword stuffing / Mentions only without hands-on evidence
CAND_0007940,3,2,Keyword stuffing / Mentions only without hands-on evidence
CAND_0007955,3,2,Keyword stuffing / Mentions only without hands-on evidence
CAND_0007965,4,2,Keyword stuffing / Mentions only without hands-on evidence
CAND_0007978,3,2,Keyword stuffing / Mentions only without hands-on evidence
CAND_0007997,4,2,Keyword stuffing / Mentions only without hands-on evidence
CAND_0007999,4,2,Keyword stuffing / Mentions only without hands-on evidence
CAND_0008030,4,2,Keyword stuffing / Mentions only without hands-on evidence
CAND_0008034,3,2,Keyword stuffing / Mentions only without hands-on evidence
CAND_0008036,3,2,Keyword stuffing / Mentions only without hands-on evidence
CAND_0008046,3,2,Keyword stuffing / Mentions only without hands-on evidence
CAND_0008094,3,2,Keyword stuffing / Mentions only without hands-on evidence
CAND_0008102,3,2,Keyword stuffing / Mentions only without hands-on evidence
CAND_0008149,3,2,Keyword stuffing / Mentions only without hands-on evidence
CAND_0008177,3,2,Keyword stuffing / Mentions only without hands-on evidence
CAND_0008202,3,1,Keyword stuffing / Mentions only without hands-on evidence
CAND_0008218,3,2,Keyword stuffing / Mentions only without hands-on evidence
CAND_0008227,3,2,Keyword stuffing / Mentions only without hands-on evidence
CAND_0008239,5,2,Keyword stuffing / Mentions only without hands-on evidence
CAND_0008252,3,2,Keyword stuffing / Mentions only without hands-on evidence
CAND_0008285,3,2,Keyword stuffing / Mentions only without hands-on evidence
CAND_0008290,3,2,Keyword stuffing / Mentions only without hands-on evidence
CAND_0008315,3,2,Keyword stuffing / Mentions only without hands-on evidence
CAND_0008375,4,2,Keyword stuffing / Mentions only without hands-on evidence
CAND_0008441,3,2,Keyword stuffing / Mentions only without hands-on evidence
CAND_0008456,4,1,Keyword stuffing / Mentions only without hands-on evidence
CAND_0008458,3,1,Keyword stuffing / Mentions only without hands-on evidence
CAND_0008486,4,1,Keyword stuffing / Mentions only without hands-on evidence
CAND_0008536,4,2,Keyword stuffing / Mentions only without hands-on evidence
CAND_0008565,4,2,Keyword stuffing / Mentions only without hands-on evidence
CAND_0008575,3,2,Keyword stuffing / Mentions only without hands-on evidence
CAND_0008593,4,2,Keyword stuffing / Mentions only without hands-on evidence
CAND_0008606,4,2,Keyword stuffing / Mentions only without hands-on evidence
CAND_0008618,4,2,Keyword stuffing / Mentions only without hands-on evidence
CAND_0008628,3,2,Keyword stuffing / Mentions only without hands-on evidence
CAND_0008636,4,2,Keyword stuffing / Mentions only without hands-on evidence
CAND_0008764,4,2,Keyword stuffing / Mentions only without hands-on evidence
CAND_0008794,3,2,Keyword stuffing / Mentions only without hands-on evidence
CAND_0008795,3,2,Keyword stuffing / Mentions only without hands-on evidence
CAND_0008799,3,2,Keyword stuffing / Mentions only without hands-on evidence
CAND_0008800,4,2,Keyword stuffing / Mentions only without hands-on evidence
CAND_0008875,3,2,Keyword stuffing / Mentions only without hands-on evidence
CAND_0008892,3,2,Keyword stuffing / Mentions only without hands-on evidence
CAND_0008937,3,2,Keyword stuffing / Mentions only without hands-on evidence
CAND_0008963,3,2,Keyword stuffing / Mentions only without hands-on evidence
CAND_0008978,4,1,Keyword stuffing / Mentions only without hands-on evidence
CAND_0008981,4,2,Keyword stuffing / Mentions only without hands-on evidence
CAND_0009016,3,2,Keyword stuffing / Mentions only without hands-on evidence
CAND_0009048,3,2,Keyword stuffing / Mentions only without hands-on evidence
CAND_0009078,3,2,Keyword stuffing / Mentions only without hands-on evidence
CAND_0009080,3,2,Keyword stuffing / Mentions only without hands-on evidence
CAND_0009091,3,2,Keyword stuffing / Mentions only without hands-on evidence
CAND_0009169,3,2,Keyword stuffing / Mentions only without hands-on evidence
CAND_0009190,3,2,Keyword stuffing / Mentions only without hands-on evidence
CAND_0009198,3,2,Keyword stuffing / Mentions only without hands-on evidence
CAND_0009229,3,2,Keyword stuffing / Mentions only without hands-on evidence
CAND_0009231,3,2,Keyword stuffing / Mentions only without hands-on evidence
CAND_0009234,3,2,Keyword stuffing / Mentions only without hands-on evidence
CAND_0009288,3,2,Keyword stuffing / Mentions only without hands-on evidence
CAND_0009302,3,2,Keyword stuffing / Mentions only without hands-on evidence
CAND_0009425,4,2,Keyword stuffing / Mentions only without hands-on evidence
CAND_0009446,3,2,Keyword stuffing / Mentions only without hands-on evidence
CAND_0009487,3,2,Keyword stuffing / Mentions only without hands-on evidence
CAND_0009505,3,1,Keyword stuffing / Mentions only without hands-on evidence
CAND_0009507,3,2,Keyword stuffing / Mentions only without hands-on evidence
CAND_0009529,3,2,Keyword stuffing / Mentions only without hands-on evidence
CAND_0009531,4,2,Keyword stuffing / Mentions only without hands-on evidence
CAND_0009539,3,2,Keyword stuffing / Mentions only without hands-on evidence
CAND_0009607,3,2,Keyword stuffing / Mentions only without hands-on evidence
CAND_0009638,3,2,Keyword stuffing / Mentions only without hands-on evidence
CAND_0009678,3,2,Keyword stuffing / Mentions only without hands-on evidence
CAND_0009700,3,1,Keyword stuffing / Mentions only without hands-on evidence
CAND_0009734,4,2,Keyword stuffing / Mentions only without hands-on evidence
CAND_0009853,4,2,Keyword stuffing / Mentions only without hands-on evidence
CAND_0009928,4,2,Keyword stuffing / Mentions only without hands-on evidence
CAND_0009942,3,2,Keyword stuffing / Mentions only without hands-on evidence
CAND_0009986,3,2,Keyword stuffing / Mentions only without hands-on evidence
CAND_0009997,3,2,Keyword stuffing / Mentions only without hands-on evidence
CAND_0010000,3,1,Keyword stuffing / Mentions only without hands-on evidence
CAND_0010043,3,2,Keyword stuffing / Mentions only without hands-on evidence
CAND_0010051,3,2,Keyword stuffing / Mentions only without hands-on evidence
CAND_0010094,3,2,Keyword stuffing / Mentions only without hands-on evidence
CAND_0010097,3,2,Keyword stuffing / Mentions only without hands-on evidence
CAND_0010187,3,2,Keyword stuffing / Mentions only without hands-on evidence
CAND_0010202,3,2,Keyword stuffing / Mentions only without hands-on evidence
CAND_0010204,3,2,Keyword stuffing / Mentions only without hands-on evidence
CAND_0010222,4,2,Keyword stuffing / Mentions only without hands-on evidence
CAND_0010235,3,2,Keyword stuffing / Mentions only without hands-on evidence
CAND_0010267,4,2,Keyword stuffing / Mentions only without hands-on evidence
CAND_0010269,3,2,Keyword stuffing / Mentions only without hands-on evidence
CAND_0010324,3,2,Keyword stuffing / Mentions only without hands-on evidence
CAND_0010332,4,2,Keyword stuffing / Mentions only without hands-on evidence
CAND_0010373,3,2,Keyword stuffing / Mentions only without hands-on evidence
CAND_0010414,3,2,Keyword stuffing / Mentions only without hands-on evidence
CAND_0010439,3,2,Keyword stuffing / Mentions only without hands-on evidence
CAND_0010465,4,2,Keyword stuffing / Mentions only without hands-on evidence
CAND_0010497,3,2,Keyword stuffing / Mentions only without hands-on evidence
CAND_0010541,4,2,Keyword stuffing / Mentions only without hands-on evidence
CAND_0010547,3,2,Keyword stuffing / Mentions only without hands-on evidence
CAND_0010569,3,2,Keyword stuffing / Mentions only without hands-on evidence
CAND_0010593,3,1,Keyword stuffing / Mentions only without hands-on evidence
CAND_0010596,4,2,Keyword stuffing / Mentions only without hands-on evidence
CAND_0010621,3,2,Keyword stuffing / Mentions only without hands-on evidence
CAND_0010689,3,2,Keyword stuffing / Mentions only without hands-on evidence
CAND_0010694,3,2,Keyword stuffing / Mentions only without hands-on evidence
CAND_0010756,3,2,Keyword stuffing / Mentions only without hands-on evidence
CAND_0010771,3,2,Keyword stuffing / Mentions only without hands-on evidence
CAND_0010800,4,2,Keyword stuffing / Mentions only without hands-on evidence
CAND_0010817,3,2,Keyword stuffing / Mentions only without hands-on evidence
CAND_0010848,3,2,Keyword stuffing / Mentions only without hands-on evidence
CAND_0010868,3,2,Keyword stuffing / Mentions only without hands-on evidence
CAND_0010911,3,2,Keyword stuffing / Mentions only without hands-on evidence
CAND_0010939,3,2,Keyword stuffing / Mentions only without hands-on evidence
CAND_0010949,3,2,Keyword stuffing / Mentions only without hands-on evidence
CAND_0010971,3,2,Keyword stuffing / Mentions only without hands-on evidence
CAND_0010993,3,2,Keyword stuffing / Mentions only without hands-on evidence
CAND_0011084,3,2,Keyword stuffing / Mentions only without hands-on evidence
CAND_0011095,3,2,Keyword stuffing / Mentions only without hands-on evidence
CAND_0011104,4,2,Keyword stuffing / Mentions only without hands-on evidence
CAND_0011125,3,1,Keyword stuffing / Mentions only without hands-on evidence
CAND_0011135,4,2,Keyword stuffing / Mentions only without hands-on evidence
CAND_0011140,4,2,Keyword stuffing / Mentions only without hands-on evidence
CAND_0011141,3,2,Keyword stuffing / Mentions only without hands-on evidence
CAND_0011154,3,2,Keyword stuffing / Mentions only without hands-on evidence
CAND_0011162,7,2,Keyword stuffing / Mentions only without hands-on evidence
CAND_0011168,3,2,Keyword stuffing / Mentions only without hands-on evidence
CAND_0011199,3,2,Keyword stuffing / Mentions only without hands-on evidence
CAND_0011229,3,2,Keyword stuffing / Mentions only without hands-on evidence
CAND_0011239,3,2,Keyword stuffing / Mentions only without hands-on evidence
CAND_0011243,3,2,Keyword stuffing / Mentions only without hands-on evidence
CAND_0011253,3,2,Keyword stuffing / Mentions only without hands-on evidence
CAND_0011284,3,2,Keyword stuffing / Mentions only without hands-on evidence
CAND_0011306,3,2,Keyword stuffing / Mentions only without hands-on evidence
CAND_0011323,4,2,Keyword stuffing / Mentions only without hands-on evidence
CAND_0011330,3,2,Keyword stuffing / Mentions only without hands-on evidence
CAND_0011383,4,2,Keyword stuffing / Mentions only without hands-on evidence
CAND_0011390,3,2,Keyword stuffing / Mentions only without hands-on evidence
CAND_0011437,3,2,Keyword stuffing / Mentions only without hands-on evidence
CAND_0011450,3,2,Keyword stuffing / Mentions only without hands-on evidence
CAND_0011476,4,2,Keyword stuffing / Mentions only without hands-on evidence
CAND_0011478,4,2,Keyword stuffing / Mentions only without hands-on evidence
CAND_0011503,3,2,Keyword stuffing / Mentions only without hands-on evidence
CAND_0011574,3,2,Keyword stuffing / Mentions only without hands-on evidence
CAND_0011576,3,2,Keyword stuffing / Mentions only without hands-on evidence
CAND_0011588,3,2,Keyword stuffing / Mentions only without hands-on evidence
CAND_0011652,4,2,Keyword stuffing / Mentions only without hands-on evidence
CAND_0011687,7,2,Keyword stuffing / Mentions only without hands-on evidence
CAND_0011746,3,1,Keyword stuffing / Mentions only without hands-on evidence
CAND_0011758,4,2,Keyword stuffing / Mentions only without hands-on evidence
CAND_0011766,3,2,Keyword stuffing / Mentions only without hands-on evidence
CAND_0011787,3,2,Keyword stuffing / Mentions only without hands-on evidence
CAND_0011803,3,2,Keyword stuffing / Mentions only without hands-on evidence
CAND_0011816,3,2,Keyword stuffing / Mentions only without hands-on evidence
CAND_0011845,3,2,Keyword stuffing / Mentions only without hands-on evidence
CAND_0011856,3,2,Keyword stuffing / Mentions only without hands-on evidence
CAND_0011899,3,2,Keyword stuffing / Mentions only without hands-on evidence
CAND_0012034,3,2,Keyword stuffing / Mentions only without hands-on evidence
CAND_0012051,3,2,Keyword stuffing / Mentions only without hands-on evidence
CAND_0012067,3,2,Keyword stuffing / Mentions only without hands-on evidence
CAND_0012078,4,2,Keyword stuffing / Mentions only without hands-on evidence
CAND_0012081,4,2,Keyword stuffing / Mentions only without hands-on evidence
CAND_0012093,4,2,Keyword stuffing / Mentions only without hands-on evidence
CAND_0012102,3,2,Keyword stuffing / Mentions only without hands-on evidence
CAND_0012209,3,2,Keyword stuffing / Mentions only without hands-on evidence
CAND_0012279,3,2,Keyword stuffing / Mentions only without hands-on evidence
CAND_0012287,4,2,Keyword stuffing / Mentions only without hands-on evidence
CAND_0012310,3,2,Keyword stuffing / Mentions only without hands-on evidence
CAND_0012312,3,2,Keyword stuffing / Mentions only without hands-on evidence
CAND_0012315,3,1,Keyword stuffing / Mentions only without hands-on evidence
CAND_0012343,3,2,Keyword stuffing / Mentions only without hands-on evidence
CAND_0012352,3,2,Keyword stuffing / Mentions only without hands-on evidence
CAND_0012400,3,2,Keyword stuffing / Mentions only without hands-on evidence
CAND_0012408,3,2,Keyword stuffing / Mentions only without hands-on evidence
CAND_0012411,4,2,Keyword stuffing / Mentions only without hands-on evidence
CAND_0012446,4,2,Keyword stuffing / Mentions only without hands-on evidence
CAND_0012449,3,2,Keyword stuffing / Mentions only without hands-on evidence
CAND_0012467,3,2,Keyword stuffing / Mentions only without hands-on evidence
CAND_0012498,4,2,Keyword stuffing / Mentions only without hands-on evidence
CAND_0012502,3,2,Keyword stuffing / Mentions only without hands-on evidence
CAND_0012514,3,2,Keyword stuffing / Mentions only without hands-on evidence
CAND_0012610,3,2,Keyword stuffing / Mentions only without hands-on evidence
CAND_0012632,3,1,Keyword stuffing / Mentions only without hands-on evidence
CAND_0012656,3,2,Keyword stuffing / Mentions only without hands-on evidence
CAND_0012660,4,2,Keyword stuffing / Mentions only without hands-on evidence
CAND_0012723,4,2,Keyword stuffing / Mentions only without hands-on evidence
CAND_0012729,3,2,Keyword stuffing / Mentions only without hands-on evidence
CAND_0012779,4,2,Keyword stuffing / Mentions only without hands-on evidence
CAND_0012799,3,2,Keyword stuffing / Mentions only without hands-on evidence
CAND_0012839,4,2,Keyword stuffing / Mentions only without hands-on evidence
CAND_0012840,3,2,Keyword stuffing / Mentions only without hands-on evidence
CAND_0012863,3,2,Keyword stuffing / Mentions only without hands-on evidence
CAND_0012891,4,2,Keyword stuffing / Mentions only without hands-on evidence
CAND_0012902,3,2,Keyword stuffing / Mentions only without hands-on evidence
CAND_0012918,4,2,Keyword stuffing / Mentions only without hands-on evidence
CAND_0012985,4,2,Keyword stuffing / Mentions only without hands-on evidence
CAND_0013005,3,2,Keyword stuffing / Mentions only without hands-on evidence
CAND_0013015,3,2,Keyword stuffing / Mentions only without hands-on evidence
CAND_0013072,4,2,Keyword stuffing / Mentions only without hands-on evidence
CAND_0013085,4,2,Keyword stuffing / Mentions only without hands-on evidence
CAND_0013090,3,2,Keyword stuffing / Mentions only without hands-on evidence
CAND_0013100,3,2,Keyword stuffing / Mentions only without hands-on evidence
CAND_0013111,3,2,Keyword stuffing / Mentions only without hands-on evidence
CAND_0013154,3,2,Keyword stuffing / Mentions only without hands-on evidence
CAND_0013163,4,2,Keyword stuffing / Mentions only without hands-on evidence
CAND_0013186,3,2,Keyword stuffing / Mentions only without hands-on evidence
CAND_0013201,3,2,Keyword stuffing / Mentions only without hands-on evidence
CAND_0013229,4,2,Keyword stuffing / Mentions only without hands-on evidence
CAND_0013248,3,2,Keyword stuffing / Mentions only without hands-on evidence
CAND_0013278,3,2,Keyword stuffing / Mentions only without hands-on evidence
CAND_0013309,3,2,Keyword stuffing / Mentions only without hands-on evidence
CAND_0013311,3,2,Keyword stuffing / Mentions only without hands-on evidence
CAND_0013315,3,2,Keyword stuffing / Mentions only without hands-on evidence
CAND_0013316,4,2,Keyword stuffing / Mentions only without hands-on evidence
CAND_0013322,3,2,Keyword stuffing / Mentions only without hands-on evidence
CAND_0013326,3,2,Keyword stuffing / Mentions only without hands-on evidence
CAND_0013371,4,2,Keyword stuffing / Mentions only without hands-on evidence
CAND_0013393,5,1,Keyword stuffing / Mentions only without hands-on evidence
CAND_0013416,3,2,Keyword stuffing / Mentions only without hands-on evidence
CAND_0013476,3,2,Keyword stuffing / Mentions only without hands-on evidence
CAND_0013503,3,2,Keyword stuffing / Mentions only without hands-on evidence
CAND_0013523,4,2,Keyword stuffing / Mentions only without hands-on evidence
CAND_0013524,4,2,Keyword stuffing / Mentions only without hands-on evidence
CAND_0013533,3,2,Keyword stuffing / Mentions only without hands-on evidence
CAND_0013536,5,2,Keyword stuffing / Mentions only without hands-on evidence
CAND_0013549,3,2,Keyword stuffing / Mentions only without hands-on evidence
CAND_0013592,3,2,Keyword stuffing / Mentions only without hands-on evidence
CAND_0013593,3,2,Keyword stuffing / Mentions only without hands-on evidence
CAND_0013611,3,2,Keyword stuffing / Mentions only without hands-on evidence
CAND_0013681,3,2,Keyword stuffing / Mentions only without hands-on evidence
CAND_0013708,3,2,Keyword stuffing / Mentions only without hands-on evidence
CAND_0013732,3,2,Keyword stuffing / Mentions only without hands-on evidence
CAND_0013749,3,2,Keyword stuffing / Mentions only without hands-on evidence
CAND_0013771,4,2,Keyword stuffing / Mentions only without hands-on evidence
CAND_0013799,3,2,Keyword stuffing / Mentions only without hands-on evidence
CAND_0013810,4,2,Keyword stuffing / Mentions only without hands-on evidence
CAND_0013814,3,2,Keyword stuffing / Mentions only without hands-on evidence
CAND_0013842,3,2,Keyword stuffing / Mentions only without hands-on evidence
CAND_0013883,3,2,Keyword stuffing / Mentions only without hands-on evidence
CAND_0013890,4,2,Keyword stuffing / Mentions only without hands-on evidence
CAND_0013950,3,2,Keyword stuffing / Mentions only without hands-on evidence
CAND_0013956,3,2,Keyword stuffing / Mentions only without hands-on evidence
CAND_0014087,3,1,Keyword stuffing / Mentions only without hands-on evidence
CAND_0014126,3,2,Keyword stuffing / Mentions only without hands-on evidence
CAND_0014145,4,2,Keyword stuffing / Mentions only without hands-on evidence
CAND_0014159,4,2,Keyword stuffing / Mentions only without hands-on evidence
CAND_0014179,4,2,Keyword stuffing / Mentions only without hands-on evidence
CAND_0014180,3,2,Keyword stuffing / Mentions only without hands-on evidence
CAND_0014195,3,2,Keyword stuffing / Mentions only without hands-on evidence
CAND_0014205,4,2,Keyword stuffing / Mentions only without hands-on evidence
CAND_0014311,3,2,Keyword stuffing / Mentions only without hands-on evidence
CAND_0014320,4,2,Keyword stuffing / Mentions only without hands-on evidence
CAND_0014350,3,2,Keyword stuffing / Mentions only without hands-on evidence
CAND_0014357,4,2,Keyword stuffing / Mentions only without hands-on evidence
CAND_0014379,3,2,Keyword stuffing / Mentions only without hands-on evidence
CAND_0014385,3,2,Keyword stuffing / Mentions only without hands-on evidence
CAND_0014392,4,2,Keyword stuffing / Mentions only without hands-on evidence
CAND_0014439,3,2,Keyword stuffing / Mentions only without hands-on evidence
CAND_0014440,6,1,Keyword stuffing / Mentions only without hands-on evidence
CAND_0014449,4,2,Keyword stuffing / Mentions only without hands-on evidence
CAND_0014461,4,2,Keyword stuffing / Mentions only without hands-on evidence
CAND_0014494,3,2,Keyword stuffing / Mentions only without hands-on evidence
CAND_0014527,4,2,Keyword stuffing / Mentions only without hands-on evidence
CAND_0014561,4,2,Keyword stuffing / Mentions only without hands-on evidence
CAND_0014564,4,2,Keyword stuffing / Mentions only without hands-on evidence
CAND_0014571,3,2,Keyword stuffing / Mentions only without hands-on evidence
CAND_0014631,4,1,Keyword stuffing / Mentions only without hands-on evidence
CAND_0014639,3,2,Keyword stuffing / Mentions only without hands-on evidence
CAND_0014704,3,2,Keyword stuffing / Mentions only without hands-on evidence
CAND_0014723,4,2,Keyword stuffing / Mentions only without hands-on evidence
CAND_0014743,3,1,Keyword stuffing / Mentions only without hands-on evidence
CAND_0014783,3,2,Keyword stuffing / Mentions only without hands-on evidence
CAND_0014866,3,2,Keyword stuffing / Mentions only without hands-on evidence
CAND_0014886,3,2,Keyword stuffing / Mentions only without hands-on evidence
CAND_0014932,3,2,Keyword stuffing / Mentions only without hands-on evidence
CAND_0014948,4,2,Keyword stuffing / Mentions only without hands-on evidence
CAND_0015003,3,2,Keyword stuffing / Mentions only without hands-on evidence
CAND_0015026,3,2,Keyword stuffing / Mentions only without hands-on evidence
CAND_0015051,4,2,Keyword stuffing / Mentions only without hands-on evidence
CAND_0015056,3,2,Keyword stuffing / Mentions only without hands-on evidence
CAND_0015065,3,1,Keyword stuffing / Mentions only without hands-on evidence
CAND_0015069,3,2,Keyword stuffing / Mentions only without hands-on evidence
CAND_0015070,4,2,Keyword stuffing / Mentions only without hands-on evidence
CAND_0015083,4,2,Keyword stuffing / Mentions only without hands-on evidence
CAND_0015105,3,2,Keyword stuffing / Mentions only without hands-on evidence
CAND_0015132,3,2,Keyword stuffing / Mentions only without hands-on evidence
CAND_0015168,3,2,Keyword stuffing / Mentions only without hands-on evidence
CAND_0015176,4,2,Keyword stuffing / Mentions only without hands-on evidence
CAND_0015188,4,2,Keyword stuffing / Mentions only without hands-on evidence
CAND_0015218,3,2,Keyword stuffing / Mentions only without hands-on evidence
CAND_0015226,3,2,Keyword stuffing / Mentions only without hands-on evidence
CAND_0015235,3,2,Keyword stuffing / Mentions only without hands-on evidence
CAND_0015246,3,2,Keyword stuffing / Mentions only without hands-on evidence
CAND_0015293,3,2,Keyword stuffing / Mentions only without hands-on evidence
CAND_0015298,3,2,Keyword stuffing / Mentions only without hands-on evidence
CAND_0015328,3,2,Keyword stuffing / Mentions only without hands-on evidence
CAND_0015367,3,2,Keyword stuffing / Mentions only without hands-on evidence
CAND_0015485,3,2,Keyword stuffing / Mentions only without hands-on evidence
CAND_0015582,5,2,Keyword stuffing / Mentions only without hands-on evidence
CAND_0015631,3,2,Keyword stuffing / Mentions only without hands-on evidence
CAND_0015674,3,2,Keyword stuffing / Mentions only without hands-on evidence
CAND_0015688,3,2,Keyword stuffing / Mentions only without hands-on evidence
CAND_0015693,3,2,Keyword stuffing / Mentions only without hands-on evidence
CAND_0015708,4,2,Keyword stuffing / Mentions only without hands-on evidence
CAND_0015715,3,2,Keyword stuffing / Mentions only without hands-on evidence
CAND_0015789,4,2,Keyword stuffing / Mentions only without hands-on evidence
CAND_0015793,3,2,Keyword stuffing / Mentions only without hands-on evidence
CAND_0015794,3,2,Keyword stuffing / Mentions only without hands-on evidence
CAND_0015801,3,2,Keyword stuffing / Mentions only without hands-on evidence
CAND_0015807,3,2,Keyword stuffing / Mentions only without hands-on evidence
CAND_0015823,3,2,Keyword stuffing / Mentions only without hands-on evidence
CAND_0015831,4,2,Keyword stuffing / Mentions only without hands-on evidence
CAND_0015848,3,2,Keyword stuffing / Mentions only without hands-on evidence
CAND_0015863,3,2,Keyword stuffing / Mentions only without hands-on evidence
CAND_0015870,3,2,Keyword stuffing / Mentions only without hands-on evidence
CAND_0015912,3,2,Keyword stuffing / Mentions only without hands-on evidence
CAND_0015940,3,2,Keyword stuffing / Mentions only without hands-on evidence
CAND_0016043,4,2,Keyword stuffing / Mentions only without hands-on evidence
CAND_0016062,4,1,Keyword stuffing / Mentions only without hands-on evidence
CAND_0016128,4,2,Keyword stuffing / Mentions only without hands-on evidence
CAND_0016136,4,2,Keyword stuffing / Mentions only without hands-on evidence
CAND_0016165,3,2,Keyword stuffing / Mentions only without hands-on evidence
CAND_0016175,4,2,Keyword stuffing / Mentions only without hands-on evidence
CAND_0016178,3,2,Keyword stuffing / Mentions only without hands-on evidence
CAND_0016180,4,2,Keyword stuffing / Mentions only without hands-on evidence
CAND_0016213,3,2,Keyword stuffing / Mentions only without hands-on evidence
CAND_0016220,3,2,Keyword stuffing / Mentions only without hands-on evidence
CAND_0016241,3,2,Keyword stuffing / Mentions only without hands-on evidence
CAND_0016256,4,2,Keyword stuffing / Mentions only without hands-on evidence
CAND_0016259,3,2,Keyword stuffing / Mentions only without hands-on evidence
CAND_0016282,3,2,Keyword stuffing / Mentions only without hands-on evidence
CAND_0016303,3,2,Keyword stuffing / Mentions only without hands-on evidence
CAND_0016317,4,2,Keyword stuffing / Mentions only without hands-on evidence
CAND_0016335,3,2,Keyword stuffing / Mentions only without hands-on evidence
CAND_0016369,3,2,Keyword stuffing / Mentions only without hands-on evidence
CAND_0016424,3,2,Keyword stuffing / Mentions only without hands-on evidence
CAND_0016425,3,2,Keyword stuffing / Mentions only without hands-on evidence
CAND_0016440,4,2,Keyword stuffing / Mentions only without hands-on evidence
CAND_0016450,3,2,Keyword stuffing / Mentions only without hands-on evidence
CAND_0016473,4,2,Keyword stuffing / Mentions only without hands-on evidence
CAND_0016501,3,2,Keyword stuffing / Mentions only without hands-on evidence
CAND_0016524,3,2,Keyword stuffing / Mentions only without hands-on evidence
CAND_0016550,3,2,Keyword stuffing / Mentions only without hands-on evidence
CAND_0016565,3,1,Keyword stuffing / Mentions only without hands-on evidence
CAND_0016640,3,2,Keyword stuffing / Mentions only without hands-on evidence
CAND_0016659,3,2,Keyword stuffing / Mentions only without hands-on evidence
CAND_0016663,3,2,Keyword stuffing / Mentions only without hands-on evidence
CAND_0016671,3,2,Keyword stuffing / Mentions only without hands-on evidence
CAND_0016753,4,2,Keyword stuffing / Mentions only without hands-on evidence
CAND_0016755,3,2,Keyword stuffing / Mentions only without hands-on evidence
CAND_0016777,3,2,Keyword stuffing / Mentions only without hands-on evidence
CAND_0016823,3,2,Keyword stuffing / Mentions only without hands-on evidence
CAND_0016868,3,2,Keyword stuffing / Mentions only without hands-on evidence
CAND_0016918,3,2,Keyword stuffing / Mentions only without hands-on evidence
CAND_0016957,3,2,Keyword stuffing / Mentions only without hands-on evidence
CAND_0016976,4,2,Keyword stuffing / Mentions only without hands-on evidence
CAND_0017014,4,2,Keyword stuffing / Mentions only without hands-on evidence
CAND_0017046,3,2,Keyword stuffing / Mentions only without hands-on evidence
CAND_0017053,3,2,Keyword stuffing / Mentions only without hands-on evidence
CAND_0017054,3,2,Keyword stuffing / Mentions only without hands-on evidence
CAND_0017129,3,2,Keyword stuffing / Mentions only without hands-on evidence
CAND_0017132,3,2,Keyword stuffing / Mentions only without hands-on evidence
CAND_0017180,4,2,Keyword stuffing / Mentions only without hands-on evidence
CAND_0017185,3,2,Keyword stuffing / Mentions only without hands-on evidence
CAND_0017215,3,2,Keyword stuffing / Mentions only without hands-on evidence
CAND_0017216,3,2,Keyword stuffing / Mentions only without hands-on evidence
CAND_0017243,3,2,Keyword stuffing / Mentions only without hands-on evidence
CAND_0017254,3,2,Keyword stuffing / Mentions only without hands-on evidence
CAND_0017269,3,2,Keyword stuffing / Mentions only without hands-on evidence
CAND_0017314,4,2,Keyword stuffing / Mentions only without hands-on evidence
CAND_0017362,3,2,Keyword stuffing / Mentions only without hands-on evidence
CAND_0017382,3,2,Keyword stuffing / Mentions only without hands-on evidence
CAND_0017443,4,2,Keyword stuffing / Mentions only without hands-on evidence
CAND_0017489,3,2,Keyword stuffing / Mentions only without hands-on evidence
CAND_0017495,3,2,Keyword stuffing / Mentions only without hands-on evidence
CAND_0017518,4,2,Keyword stuffing / Mentions only without hands-on evidence
CAND_0017522,3,2,Keyword stuffing / Mentions only without hands-on evidence
CAND_0017540,4,2,Keyword stuffing / Mentions only without hands-on evidence
CAND_0017542,4,2,Keyword stuffing / Mentions only without hands-on evidence
CAND_0017548,4,2,Keyword stuffing / Mentions only without hands-on evidence
CAND_0017552,3,2,Keyword stuffing / Mentions only without hands-on evidence
CAND_0017565,3,2,Keyword stuffing / Mentions only without hands-on evidence
CAND_0017590,3,2,Keyword stuffing / Mentions only without hands-on evidence
CAND_0017595,3,2,Keyword stuffing / Mentions only without hands-on evidence
CAND_0017691,4,1,Keyword stuffing / Mentions only without hands-on evidence
CAND_0017696,4,2,Keyword stuffing / Mentions only without hands-on evidence
CAND_0017706,4,2,Keyword stuffing / Mentions only without hands-on evidence
CAND_0017718,4,2,Keyword stuffing / Mentions only without hands-on evidence
CAND_0017814,3,2,Keyword stuffing / Mentions only without hands-on evidence
CAND_0017823,4,2,Keyword stuffing / Mentions only without hands-on evidence
CAND_0017831,3,2,Keyword stuffing / Mentions only without hands-on evidence
CAND_0017837,3,2,Keyword stuffing / Mentions only without hands-on evidence
CAND_0017882,3,2,Keyword stuffing / Mentions only without hands-on evidence
CAND_0017918,4,2,Keyword stuffing / Mentions only without hands-on evidence
CAND_0018005,4,2,Keyword stuffing / Mentions only without hands-on evidence
CAND_0018066,4,2,Keyword stuffing / Mentions only without hands-on evidence
CAND_0018070,3,2,Keyword stuffing / Mentions only without hands-on evidence
CAND_0018120,3,2,Keyword stuffing / Mentions only without hands-on evidence
CAND_0018127,4,2,Keyword stuffing / Mentions only without hands-on evidence
CAND_0018153,3,2,Keyword stuffing / Mentions only without hands-on evidence
CAND_0018202,4,2,Keyword stuffing / Mentions only without hands-on evidence
CAND_0018210,3,2,Keyword stuffing / Mentions only without hands-on evidence
CAND_0018234,3,2,Keyword stuffing / Mentions only without hands-on evidence
CAND_0018260,4,2,Keyword stuffing / Mentions only without hands-on evidence
CAND_0018268,4,2,Keyword stuffing / Mentions only without hands-on evidence
CAND_0018277,4,2,Keyword stuffing / Mentions only without hands-on evidence
CAND_0018300,4,2,Keyword stuffing / Mentions only without hands-on evidence
CAND_0018330,4,2,Keyword stuffing / Mentions only without hands-on evidence
CAND_0018344,3,2,Keyword stuffing / Mentions only without hands-on evidence
CAND_0018354,4,2,Keyword stuffing / Mentions only without hands-on evidence
CAND_0018384,3,2,Keyword stuffing / Mentions only without hands-on evidence
CAND_0018393,3,2,Keyword stuffing / Mentions only without hands-on evidence
CAND_0018396,3,2,Keyword stuffing / Mentions only without hands-on evidence
CAND_0018406,3,2,Keyword stuffing / Mentions only without hands-on evidence
CAND_0018415,4,2,Keyword stuffing / Mentions only without hands-on evidence
CAND_0018422,3,2,Keyword stuffing / Mentions only without hands-on evidence
CAND_0018435,3,2,Keyword stuffing / Mentions only without hands-on evidence
CAND_0018450,3,2,Keyword stuffing / Mentions only without hands-on evidence
CAND_0018477,4,2,Keyword stuffing / Mentions only without hands-on evidence
CAND_0018484,4,2,Keyword stuffing / Mentions only without hands-on evidence
CAND_0018521,3,2,Keyword stuffing / Mentions only without hands-on evidence
CAND_0018525,3,2,Keyword stuffing / Mentions only without hands-on evidence
CAND_0018536,3,2,Keyword stuffing / Mentions only without hands-on evidence
CAND_0018548,3,2,Keyword stuffing / Mentions only without hands-on evidence
CAND_0018557,4,2,Keyword stuffing / Mentions only without hands-on evidence
CAND_0018610,3,2,Keyword stuffing / Mentions only without hands-on evidence
CAND_0018652,3,2,Keyword stuffing / Mentions only without hands-on evidence
CAND_0018653,3,1,Keyword stuffing / Mentions only without hands-on evidence
CAND_0018688,4,2,Keyword stuffing / Mentions only without hands-on evidence
CAND_0018709,3,2,Keyword stuffing / Mentions only without hands-on evidence
CAND_0018735,3,2,Keyword stuffing / Mentions only without hands-on evidence
CAND_0018742,3,2,Keyword stuffing / Mentions only without hands-on evidence
CAND_0018763,4,2,Keyword stuffing / Mentions only without hands-on evidence
CAND_0018764,3,2,Keyword stuffing / Mentions only without hands-on evidence
CAND_0018851,4,2,Keyword stuffing / Mentions only without hands-on evidence
CAND_0018877,3,2,Keyword stuffing / Mentions only without hands-on evidence
CAND_0018882,3,2,Keyword stuffing / Mentions only without hands-on evidence
CAND_0018887,3,2,Keyword stuffing / Mentions only without hands-on evidence
CAND_0018910,3,2,Keyword stuffing / Mentions only without hands-on evidence
CAND_0018914,3,2,Keyword stuffing / Mentions only without hands-on evidence
CAND_0018961,3,1,Keyword stuffing / Mentions only without hands-on evidence
CAND_0019104,4,2,Keyword stuffing / Mentions only without hands-on evidence
CAND_0019105,3,2,Keyword stuffing / Mentions only without hands-on evidence
CAND_0019110,3,2,Keyword stuffing / Mentions only without hands-on evidence
CAND_0019175,3,2,Keyword stuffing / Mentions only without hands-on evidence
CAND_0019183,3,2,Keyword stuffing / Mentions only without hands-on evidence
CAND_0019198,4,2,Keyword stuffing / Mentions only without hands-on evidence
CAND_0019200,3,1,Keyword stuffing / Mentions only without hands-on evidence
CAND_0019239,3,2,Keyword stuffing / Mentions only without hands-on evidence
CAND_0019249,3,2,Keyword stuffing / Mentions only without hands-on evidence
CAND_0019294,3,2,Keyword stuffing / Mentions only without hands-on evidence
CAND_0019296,3,2,Keyword stuffing / Mentions only without hands-on evidence
CAND_0019382,3,2,Keyword stuffing / Mentions only without hands-on evidence
CAND_0019384,4,2,Keyword stuffing / Mentions only without hands-on evidence
CAND_0019389,3,2,Keyword stuffing / Mentions only without hands-on evidence
CAND_0019427,3,2,Keyword stuffing / Mentions only without hands-on evidence
CAND_0019447,3,2,Keyword stuffing / Mentions only without hands-on evidence
CAND_0019450,3,2,Keyword stuffing / Mentions only without hands-on evidence
CAND_0019465,3,2,Keyword stuffing / Mentions only without hands-on evidence
CAND_0019474,3,2,Keyword stuffing / Mentions only without hands-on evidence
CAND_0019486,4,2,Keyword stuffing / Mentions only without hands-on evidence
CAND_0019504,3,1,Keyword stuffing / Mentions only without hands-on evidence
CAND_0019684,4,2,Keyword stuffing / Mentions only without hands-on evidence
CAND_0019691,3,2,Keyword stuffing / Mentions only without hands-on evidence
CAND_0019696,3,2,Keyword stuffing / Mentions only without hands-on evidence
CAND_0019726,3,2,Keyword stuffing / Mentions only without hands-on evidence
CAND_0019753,4,2,Keyword stuffing / Mentions only without hands-on evidence
CAND_0019824,3,2,Keyword stuffing / Mentions only without hands-on evidence
CAND_0019848,4,2,Keyword stuffing / Mentions only without hands-on evidence
CAND_0019892,3,2,Keyword stuffing / Mentions only without hands-on evidence
CAND_0019961,3,1,Keyword stuffing / Mentions only without hands-on evidence
CAND_0019968,3,2,Keyword stuffing / Mentions only without hands-on evidence
